<?xml version="1.0" encoding="UTF-8"?>

<beans xmlns="http://www.springframework.org/schema/beans"
	xmlns:context="http://www.springframework.org/schema/context"
	xmlns:xsi="http://www.w3.org/2001/XMLSchema-instance"
	xsi:schemaLocation="http://www.springframework.org/schema/beans
						http://www.springframework.org/schema/beans/spring-beans.xsd
						http://www.springframework.org/schema/context
						http://www.springframework.org/schema/context/spring-context.xsd">
	
	<context:annotation-config/>
	
	<bean id="memberDao" class="spring.MemberDao">
	</bean>
	
	<bean id="memberPrinter" class="spring.MemberPrinter">
	</bean>
	<!-- 
	<bean id="memberPrinterSpec" class="spring.MemberPrinterSpecific">
	</bean>
	 -->
	<bean id="memberRegSvc" class="spring.MemberRegisterService">
	</bean>
	
	<!-- 
	<bean id="changePwdSvc" class="spring.ChangePasswordService">
		<constructor-arg ref="memberDao"/>
	</bean>
	 -->
	 
	<!-- 
	<bean id="versionPrinter" class="spring.VersionPrinter">
		<property name="majorVersion" value="4"/>
		<property name="minorVersion" value="1"/>
		<constructor-arg value="4"/>
		<constructor-arg value="1"/>
	</bean>
	-->
	<bean id="listPrinter" class="spring.MemberListPrinter">
		<constructor-arg ref="memberDao"/>
		<constructor-arg ref="memberPrinter"/>
	</bean>
	<!-- 
	<bean id="infoPrinter" class="spring.MemberInfoPrinter">
		<property name="memberDao" ref="memberDao"/>
		<property name="printer" ref="memberPrinterSpec"/>
	</bean>
	 -->
</beans>