<?xml version="1.0" encoding="UTF-8"?>

<beans xmlns="http://www.springframework.org/schema/beans"
	xmlns:xsi="http://www.w3.org/2001/XMLSchema-instance"
	xsi:schemaLocation="http://www.springframework.org/schema/beans
		http://www.springframework.org/schema/beans/spring-beans.xsd">

	<bean id="memberDao" class="spring.MemberDao">
	</bean>

	<bean id="memberRegSvc" class="spring.MemberRegisterService">
		<constructor-arg ref="memberDao" />
	</bean>

	<bean id="changePwdSvc" class="spring.ChangePasswordService">
		<constructor-arg ref="memberDao" />
	</bean>
</beans>