<?xml version="1.0" encoding="UTF-8"?>

<beans xmlns="http://www.springframework.org/schema/beans"
	xmlns:tx="http://www.springframework.org/schema/tx" 
	xmlns:xsi="http://www.w3.org/2001/XMLSchema-instance"
	xsi:schemaLocation="http://www.springframework.org/schema/beans
		http://www.springframework.org/schema/beans/spring-beans.xsd
		http://www.springframework.org/schema/tx
		http://www.springframework.org/schema/tx/spring-tx.xsd">
	<tx:annotation-driven transaction-manager="transactionManager"/>

	<bean id="transactionManager" 
		class="org.springframework.jdbc.datasource.DataSourceTransactionManager">
		<property name="dataSource" ref="dataSource" /> 
	</bean>
	
	<bean id="memberDao" class="spring.MemberDao">
		<constructor-arg ref="dataSource" />
	</bean>
	
 	<bean id="memberRegSvc" class="spring.MemberRegisterService">
		<constructor-arg ref="memberDao" />
	</bean>

	<bean id="changePwdSvc" class="spring.ChangePasswordService">
		<constructor-arg ref="memberDao" />
	</bean>

	<bean id="authService" class="spring.AuthService">
		<property name="memberDao" ref="memberDao" />
	</bean>
</beans>