<?xml version="1.0" encoding="UTF-8"?>

<beans xmlns="http://www.springframework.org/schema/beans"
	xmlns:xsi="http://www.w3.org/2001/XMLSchema-instance"
	xsi:schemaLocation="http://www.springframework.org/schema/beans
		http://www.springframework.org/schema/beans/spring-beans.xsd">

	<bean id="client" class="spring.Client">
		<property name="host" value="서버" />
	</bean>

	<bean id="client2" class="spring.Client2" 
			>
		<property name="host" value="서버2" />
	</bean>
	
	<bean id="client3" class="sample.Client3">
		<property name="host" value="서버3"/>
	</bean>
	
	<bean id="client4" class="spring.Client4"
			init-method="connect" destroy-method="destroy">
		<property name="host" value="서버4"/>
	</bean>
</beans>